id_passageiro,sobreviveu,classe_bilhete,genero,idade,irmaos_conjuges_abordo,pais_filhos_abordo,numero_bilhete,preco_bilhete,cabine_numero,local_embarque
1,False,3,M,22.0,1,0,A/5 21171,7.25,,Southampton
2,True,1,F,38.0,1,0,PC 17599,71.2833,C85,Cherbourg
3,True,3,F,26.0,0,0,STON/O2. 3101282,7.925,,Southampton
4,True,1,F,35.0,1,0,113803,53.1,C123,Southampton
5,False,3,M,35.0,0,0,373450,8.05,,Southampton
6,False,3,M,,0,0,330877,8.4583,,Queenstown
7,False,1,M,54.0,0,0,17463,51.8625,E46,Southampton
8,False,3,M,2.0,3,1,349909,21.075,,Southampton
9,True,3,F,27.0,0,2,347742,11.1333,,Southampton
10,True,2,F,14.0,1,0,237736,30.0708,,Cherbourg
11,True,3,F,4.0,1,1,PP 9549,16.7,G6,Southampton
12,True,1,F,58.0,0,0,113783,26.55,C103,Southampton
13,False,3,M,20.0,0,0,A/5. 2151,8.05,,Southampton
14,False,3,M,39.0,1,5,347082,31.275,,Southampton
15,False,3,F,14.0,0,0,350406,7.8542,,Southampton
16,True,2,F,55.0,0,0,248706,16.0,,Southampton
17,False,3,M,2.0,4,1,382652,29.125,,Queenstown
18,True,2,M,,0,0,244373,13.0,,Southampton
19,False,3,F,31.0,1,0,345763,18.0,,Southampton
20,True,3,F,,0,0,2649,7.225,,Cherbourg
21,False,2,M,35.0,0,0,239865,26.0,,Southampton
22,True,2,M,34.0,0,0,248698,13.0,D56,Southampton
23,True,3,F,15.0,0,0,330923,8.0292,,Queenstown
24,True,1,M,28.0,0,0,113788,35.5,A6,Southampton
25,False,3,F,8.0,3,1,349909,21.075,,Southampton
26,True,3,F,38.0,1,5,347077,31.3875,,Southampton
27,False,3,M,,0,0,2631,7.225,,Cherbourg
28,False,1,M,19.0,3,2,19950,263.0,C23 C25 C27,Southampton
29,True,3,F,,0,0,330959,7.8792,,Queenstown
30,False,3,M,,0,0,349216,7.8958,,Southampton
31,False,1,M,40.0,0,0,PC 17601,27.7208,,Cherbourg
32,True,1,F,,1,0,PC 17569,146.5208,B78,Cherbourg
33,True,3,F,,0,0,335677,7.75,,Queenstown
34,False,2,M,66.0,0,0,C.A. 24579,10.5,,Southampton
35,False,1,M,28.0,1,0,PC 17604,82.1708,,Cherbourg
36,False,1,M,42.0,1,0,113789,52.0,,Southampton
37,True,3,M,,0,0,2677,7.2292,,Cherbourg
38,False,3,M,21.0,0,0,A./5. 2152,8.05,,Southampton
39,False,3,F,18.0,2,0,345764,18.0,,Southampton
40,True,3,F,14.0,1,0,2651,11.2417,,Cherbourg
41,False,3,F,40.0,1,0,7546,9.475,,Southampton
42,False,2,F,27.0,1,0,11668,21.0,,Southampton
43,False,3,M,,0,0,349253,7.8958,,Cherbourg
44,True,2,F,3.0,1,2,SC/Paris 2123,41.5792,,Cherbourg
45,True,3,F,19.0,0,0,330958,7.8792,,Queenstown
46,False,3,M,,0,0,S.C./A.4. 23567,8.05,,Southampton
47,False,3,M,,1,0,370371,15.5,,Queenstown
48,True,3,F,,0,0,14311,7.75,,Queenstown
49,False,3,M,,2,0,2662,21.6792,,Cherbourg
50,False,3,F,18.0,1,0,349237,17.8,,Southampton
51,False,3,M,7.0,4,1,3101295,39.6875,,Southampton
52,False,3,M,21.0,0,0,A/4. 39886,7.8,,Southampton
53,True,1,F,49.0,1,0,PC 17572,76.7292,D33,Cherbourg
54,True,2,F,29.0,1,0,2926,26.0,,Southampton
55,False,1,M,65.0,0,1,113509,61.9792,B30,Cherbourg
56,True,1,M,,0,0,19947,35.5,C52,Southampton
57,True,2,F,21.0,0,0,C.A. 31026,10.5,,Southampton
58,False,3,M,28.5,0,0,2697,7.2292,,Cherbourg
59,True,2,F,5.0,1,2,C.A. 34651,27.75,,Southampton
60,False,3,M,11.0,5,2,CA 2144,46.9,,Southampton
61,False,3,M,22.0,0,0,2669,7.2292,,Cherbourg
62,True,1,F,38.0,0,0,113572,80.0,B28,
63,False,1,M,45.0,1,0,36973,83.475,C83,Southampton
64,False,3,M,4.0,3,2,347088,27.9,,Southampton
65,False,1,M,,0,0,PC 17605,27.7208,,Cherbourg
66,True,3,M,,1,1,2661,15.2458,,Cherbourg
67,True,2,F,29.0,0,0,C.A. 29395,10.5,F33,Southampton
68,False,3,M,19.0,0,0,S.P. 3464,8.1583,,Southampton
69,True,3,F,17.0,4,2,3101281,7.925,,Southampton
70,False,3,M,26.0,2,0,315151,8.6625,,Southampton
71,False,2,M,32.0,0,0,C.A. 33111,10.5,,Southampton
72,False,3,F,16.0,5,2,CA 2144,46.9,,Southampton
73,False,2,M,21.0,0,0,S.O.C. 14879,73.5,,Southampton
74,False,3,M,26.0,1,0,2680,14.4542,,Cherbourg
75,True,3,M,32.0,0,0,1601,56.4958,,Southampton
76,False,3,M,25.0,0,0,348123,7.65,F G73,Southampton
77,False,3,M,,0,0,349208,7.8958,,Southampton
78,False,3,M,,0,0,374746,8.05,,Southampton
79,True,2,M,0.83,0,2,248738,29.0,,Southampton
80,True,3,F,30.0,0,0,364516,12.475,,Southampton
81,False,3,M,22.0,0,0,345767,9.0,,Southampton
82,True,3,M,29.0,0,0,345779,9.5,,Southampton
83,True,3,F,,0,0,330932,7.7875,,Queenstown
84,False,1,M,28.0,0,0,113059,47.1,,Southampton
85,True,2,F,17.0,0,0,SO/C 14885,10.5,,Southampton
86,True,3,F,33.0,3,0,3101278,15.85,,Southampton
87,False,3,M,16.0,1,3,W./C. 6608,34.375,,Southampton
88,False,3,M,,0,0,SOTON/OQ 392086,8.05,,Southampton
89,True,1,F,23.0,3,2,19950,263.0,C23 C25 C27,Southampton
90,False,3,M,24.0,0,0,343275,8.05,,Southampton
91,False,3,M,29.0,0,0,343276,8.05,,Southampton
92,False,3,M,20.0,0,0,347466,7.8542,,Southampton
93,False,1,M,46.0,1,0,W.E.P. 5734,61.175,E31,Southampton
94,False,3,M,26.0,1,2,C.A. 2315,20.575,,Southampton
95,False,3,M,59.0,0,0,364500,7.25,,Southampton
96,False,3,M,,0,0,374910,8.05,,Southampton
97,False,1,M,71.0,0,0,PC 17754,34.6542,A5,Cherbourg
98,True,1,M,23.0,0,1,PC 17759,63.3583,D10 D12,Cherbourg
99,True,2,F,34.0,0,1,231919,23.0,,Southampton
100,False,2,M,34.0,1,0,244367,26.0,,Southampton
101,False,3,F,28.0,0,0,349245,7.8958,,Southampton
102,False,3,M,,0,0,349215,7.8958,,Southampton
103,False,1,M,21.0,0,1,35281,77.2875,D26,Southampton
104,False,3,M,33.0,0,0,7540,8.6542,,Southampton
105,False,3,M,37.0,2,0,3101276,7.925,,Southampton
106,False,3,M,28.0,0,0,349207,7.8958,,Southampton
107,True,3,F,21.0,0,0,343120,7.65,,Southampton
108,True,3,M,,0,0,312991,7.775,,Southampton
109,False,3,M,38.0,0,0,349249,7.8958,,Southampton
110,True,3,F,,1,0,371110,24.15,,Queenstown
111,False,1,M,47.0,0,0,110465,52.0,C110,Southampton
112,False,3,F,14.5,1,0,2665,14.4542,,Cherbourg
113,False,3,M,22.0,0,0,324669,8.05,,Southampton
114,False,3,F,20.0,1,0,4136,9.825,,Southampton
115,False,3,F,17.0,0,0,2627,14.4583,,Cherbourg
116,False,3,M,21.0,0,0,STON/O 2. 3101294,7.925,,Southampton
117,False,3,M,70.5,0,0,370369,7.75,,Queenstown
118,False,2,M,29.0,1,0,11668,21.0,,Southampton
119,False,1,M,24.0,0,1,PC 17558,247.5208,B58 B60,Cherbourg
120,False,3,F,2.0,4,2,347082,31.275,,Southampton
121,False,2,M,21.0,2,0,S.O.C. 14879,73.5,,Southampton
122,False,3,M,,0,0,A4. 54510,8.05,,Southampton
123,False,2,M,32.5,1,0,237736,30.0708,,Cherbourg
124,True,2,F,32.5,0,0,27267,13.0,E101,Southampton
125,False,1,M,54.0,0,1,35281,77.2875,D26,Southampton
126,True,3,M,12.0,1,0,2651,11.2417,,Cherbourg
127,False,3,M,,0,0,370372,7.75,,Queenstown
128,True,3,M,24.0,0,0,C 17369,7.1417,,Southampton
129,True,3,F,,1,1,2668,22.3583,F E69,Cherbourg
130,False,3,M,45.0,0,0,347061,6.975,,Southampton
131,False,3,M,33.0,0,0,349241,7.8958,,Cherbourg
132,False,3,M,20.0,0,0,SOTON/O.Q. 3101307,7.05,,Southampton
133,False,3,F,47.0,1,0,A/5. 3337,14.5,,Southampton
134,True,2,F,29.0,1,0,228414,26.0,,Southampton
135,False,2,M,25.0,0,0,C.A. 29178,13.0,,Southampton
136,False,2,M,23.0,0,0,SC/PARIS 2133,15.0458,,Cherbourg
137,True,1,F,19.0,0,2,11752,26.2833,D47,Southampton
138,False,1,M,37.0,1,0,113803,53.1,C123,Southampton
139,False,3,M,16.0,0,0,7534,9.2167,,Southampton
140,False,1,M,24.0,0,0,PC 17593,79.2,B86,Cherbourg
141,False,3,F,,0,2,2678,15.2458,,Cherbourg
142,True,3,F,22.0,0,0,347081,7.75,,Southampton
143,True,3,F,24.0,1,0,STON/O2. 3101279,15.85,,Southampton
144,False,3,M,19.0,0,0,365222,6.75,,Queenstown
145,False,2,M,18.0,0,0,231945,11.5,,Southampton
146,False,2,M,19.0,1,1,C.A. 33112,36.75,,Southampton
147,True,3,M,27.0,0,0,350043,7.7958,,Southampton
148,False,3,F,9.0,2,2,W./C. 6608,34.375,,Southampton
149,False,2,M,36.5,0,2,230080,26.0,F2,Southampton
150,False,2,M,42.0,0,0,244310,13.0,,Southampton
151,False,2,M,51.0,0,0,S.O.P. 1166,12.525,,Southampton
152,True,1,F,22.0,1,0,113776,66.6,C2,Southampton
153,False,3,M,55.5,0,0,A.5. 11206,8.05,,Southampton
154,False,3,M,40.5,0,2,A/5. 851,14.5,,Southampton
155,False,3,M,,0,0,Fa 265302,7.3125,,Southampton
156,False,1,M,51.0,0,1,PC 17597,61.3792,,Cherbourg
157,True,3,F,16.0,0,0,35851,7.7333,,Queenstown
158,False,3,M,30.0,0,0,SOTON/OQ 392090,8.05,,Southampton
159,False,3,M,,0,0,315037,8.6625,,Southampton
160,False,3,M,,8,2,CA. 2343,69.55,,Southampton
161,False,3,M,44.0,0,1,371362,16.1,,Southampton
162,True,2,F,40.0,0,0,C.A. 33595,15.75,,Southampton
163,False,3,M,26.0,0,0,347068,7.775,,Southampton
164,False,3,M,17.0,0,0,315093,8.6625,,Southampton
165,False,3,M,1.0,4,1,3101295,39.6875,,Southampton
166,True,3,M,9.0,0,2,363291,20.525,,Southampton
167,True,1,F,,0,1,113505,55.0,E33,Southampton
168,False,3,F,45.0,1,4,347088,27.9,,Southampton
169,False,1,M,,0,0,PC 17318,25.925,,Southampton
170,False,3,M,28.0,0,0,1601,56.4958,,Southampton
171,False,1,M,61.0,0,0,111240,33.5,B19,Southampton
172,False,3,M,4.0,4,1,382652,29.125,,Queenstown
173,True,3,F,1.0,1,1,347742,11.1333,,Southampton
174,False,3,M,21.0,0,0,STON/O 2. 3101280,7.925,,Southampton
175,False,1,M,56.0,0,0,17764,30.6958,A7,Cherbourg
176,False,3,M,18.0,1,1,350404,7.8542,,Southampton
177,False,3,M,,3,1,4133,25.4667,,Southampton
178,False,1,F,50.0,0,0,PC 17595,28.7125,C49,Cherbourg
179,False,2,M,30.0,0,0,250653,13.0,,Southampton
180,False,3,M,36.0,0,0,LINE,0.0,,Southampton
181,False,3,F,,8,2,CA. 2343,69.55,,Southampton
182,False,2,M,,0,0,SC/PARIS 2131,15.05,,Cherbourg
183,False,3,M,9.0,4,2,347077,31.3875,,Southampton
184,True,2,M,1.0,2,1,230136,39.0,F4,Southampton
185,True,3,F,4.0,0,2,315153,22.025,,Southampton
186,False,1,M,,0,0,113767,50.0,A32,Southampton
187,True,3,F,,1,0,370365,15.5,,Queenstown
188,True,1,M,45.0,0,0,111428,26.55,,Southampton
189,False,3,M,40.0,1,1,364849,15.5,,Queenstown
190,False,3,M,36.0,0,0,349247,7.8958,,Southampton
191,True,2,F,32.0,0,0,234604,13.0,,Southampton
192,False,2,M,19.0,0,0,28424,13.0,,Southampton
193,True,3,F,19.0,1,0,350046,7.8542,,Southampton
194,True,2,M,3.0,1,1,230080,26.0,F2,Southampton
195,True,1,F,44.0,0,0,PC 17610,27.7208,B4,Cherbourg
196,True,1,F,58.0,0,0,PC 17569,146.5208,B80,Cherbourg
197,False,3,M,,0,0,368703,7.75,,Queenstown
198,False,3,M,42.0,0,1,4579,8.4042,,Southampton
199,True,3,F,,0,0,370370,7.75,,Queenstown
200,False,2,F,24.0,0,0,248747,13.0,,Southampton
201,False,3,M,28.0,0,0,345770,9.5,,Southampton
202,False,3,M,,8,2,CA. 2343,69.55,,Southampton
203,False,3,M,34.0,0,0,3101264,6.4958,,Southampton
204,False,3,M,45.5,0,0,2628,7.225,,Cherbourg
205,True,3,M,18.0,0,0,A/5 3540,8.05,,Southampton
206,False,3,F,2.0,0,1,347054,10.4625,G6,Southampton
207,False,3,M,32.0,1,0,3101278,15.85,,Southampton
208,True,3,M,26.0,0,0,2699,18.7875,,Cherbourg
209,True,3,F,16.0,0,0,367231,7.75,,Queenstown
210,True,1,M,40.0,0,0,112277,31.0,A31,Cherbourg
211,False,3,M,24.0,0,0,SOTON/O.Q. 3101311,7.05,,Southampton
212,True,2,F,35.0,0,0,F.C.C. 13528,21.0,,Southampton
213,False,3,M,22.0,0,0,A/5 21174,7.25,,Southampton
214,False,2,M,30.0,0,0,250646,13.0,,Southampton
215,False,3,M,,1,0,367229,7.75,,Queenstown
216,True,1,F,31.0,1,0,35273,113.275,D36,Cherbourg
217,True,3,F,27.0,0,0,STON/O2. 3101283,7.925,,Southampton
218,False,2,M,42.0,1,0,243847,27.0,,Southampton
219,True,1,F,32.0,0,0,11813,76.2917,D15,Cherbourg
220,False,2,M,30.0,0,0,W/C 14208,10.5,,Southampton
221,True,3,M,16.0,0,0,SOTON/OQ 392089,8.05,,Southampton
222,False,2,M,27.0,0,0,220367,13.0,,Southampton
223,False,3,M,51.0,0,0,21440,8.05,,Southampton
224,False,3,M,,0,0,349234,7.8958,,Southampton
225,True,1,M,38.0,1,0,19943,90.0,C93,Southampton
226,False,3,M,22.0,0,0,PP 4348,9.35,,Southampton
227,True,2,M,19.0,0,0,SW/PP 751,10.5,,Southampton
228,False,3,M,20.5,0,0,A/5 21173,7.25,,Southampton
229,False,2,M,18.0,0,0,236171,13.0,,Southampton
230,False,3,F,,3,1,4133,25.4667,,Southampton
231,True,1,F,35.0,1,0,36973,83.475,C83,Southampton
232,False,3,M,29.0,0,0,347067,7.775,,Southampton
233,False,2,M,59.0,0,0,237442,13.5,,Southampton
234,True,3,F,5.0,4,2,347077,31.3875,,Southampton
235,False,2,M,24.0,0,0,C.A. 29566,10.5,,Southampton
236,False,3,F,,0,0,W./C. 6609,7.55,,Southampton
237,False,2,M,44.0,1,0,26707,26.0,,Southampton
238,True,2,F,8.0,0,2,C.A. 31921,26.25,,Southampton
239,False,2,M,19.0,0,0,28665,10.5,,Southampton
240,False,2,M,33.0,0,0,SCO/W 1585,12.275,,Southampton
241,False,3,F,,1,0,2665,14.4542,,Cherbourg
242,True,3,F,,1,0,367230,15.5,,Queenstown
243,False,2,M,29.0,0,0,W./C. 14263,10.5,,Southampton
244,False,3,M,22.0,0,0,STON/O 2. 3101275,7.125,,Southampton
245,False,3,M,30.0,0,0,2694,7.225,,Cherbourg
246,False,1,M,44.0,2,0,19928,90.0,C78,Queenstown
247,False,3,F,25.0,0,0,347071,7.775,,Southampton
248,True,2,F,24.0,0,2,250649,14.5,,Southampton
249,True,1,M,37.0,1,1,11751,52.5542,D35,Southampton
250,False,2,M,54.0,1,0,244252,26.0,,Southampton
251,False,3,M,,0,0,362316,7.25,,Southampton
252,False,3,F,29.0,1,1,347054,10.4625,G6,Southampton
253,False,1,M,62.0,0,0,113514,26.55,C87,Southampton
254,False,3,M,30.0,1,0,A/5. 3336,16.1,,Southampton
255,False,3,F,41.0,0,2,370129,20.2125,,Southampton
256,True,3,F,29.0,0,2,2650,15.2458,,Cherbourg
257,True,1,F,,0,0,PC 17585,79.2,,Cherbourg
258,True,1,F,30.0,0,0,110152,86.5,B77,Southampton
259,True,1,F,35.0,0,0,PC 17755,512.3292,,Cherbourg
260,True,2,F,50.0,0,1,230433,26.0,,Southampton
261,False,3,M,,0,0,384461,7.75,,Queenstown
262,True,3,M,3.0,4,2,347077,31.3875,,Southampton
263,False,1,M,52.0,1,1,110413,79.65,E67,Southampton
264,False,1,M,40.0,0,0,112059,0.0,B94,Southampton
265,False,3,F,,0,0,382649,7.75,,Queenstown
266,False,2,M,36.0,0,0,C.A. 17248,10.5,,Southampton
267,False,3,M,16.0,4,1,3101295,39.6875,,Southampton
268,True,3,M,25.0,1,0,347083,7.775,,Southampton
269,True,1,F,58.0,0,1,PC 17582,153.4625,C125,Southampton
270,True,1,F,35.0,0,0,PC 17760,135.6333,C99,Southampton
271,False,1,M,,0,0,113798,31.0,,Southampton
272,True,3,M,25.0,0,0,LINE,0.0,,Southampton
273,True,2,F,41.0,0,1,250644,19.5,,Southampton
274,False,1,M,37.0,0,1,PC 17596,29.7,C118,Cherbourg
275,True,3,F,,0,0,370375,7.75,,Queenstown
276,True,1,F,63.0,1,0,13502,77.9583,D7,Southampton
277,False,3,F,45.0,0,0,347073,7.75,,Southampton
278,False,2,M,,0,0,239853,0.0,,Southampton
279,False,3,M,7.0,4,1,382652,29.125,,Queenstown
280,True,3,F,35.0,1,1,C.A. 2673,20.25,,Southampton
281,False,3,M,65.0,0,0,336439,7.75,,Queenstown
282,False,3,M,28.0,0,0,347464,7.8542,,Southampton
283,False,3,M,16.0,0,0,345778,9.5,,Southampton
284,True,3,M,19.0,0,0,A/5. 10482,8.05,,Southampton
285,False,1,M,,0,0,113056,26.0,A19,Southampton
286,False,3,M,33.0,0,0,349239,8.6625,,Cherbourg
287,True,3,M,30.0,0,0,345774,9.5,,Southampton
288,False,3,M,22.0,0,0,349206,7.8958,,Southampton
289,True,2,M,42.0,0,0,237798,13.0,,Southampton
290,True,3,F,22.0,0,0,370373,7.75,,Queenstown
291,True,1,F,26.0,0,0,19877,78.85,,Southampton
292,True,1,F,19.0,1,0,11967,91.0792,B49,Cherbourg
293,False,2,M,36.0,0,0,SC/Paris 2163,12.875,D,Cherbourg
294,False,3,F,24.0,0,0,349236,8.85,,Southampton
295,False,3,M,24.0,0,0,349233,7.8958,,Southampton
296,False,1,M,,0,0,PC 17612,27.7208,,Cherbourg
297,False,3,M,23.5,0,0,2693,7.2292,,Cherbourg
298,False,1,F,2.0,1,2,113781,151.55,C22 C26,Southampton
299,True,1,M,,0,0,19988,30.5,C106,Southampton
300,True,1,F,50.0,0,1,PC 17558,247.5208,B58 B60,Cherbourg
301,True,3,F,,0,0,9234,7.75,,Queenstown
302,True,3,M,,2,0,367226,23.25,,Queenstown
303,False,3,M,19.0,0,0,LINE,0.0,,Southampton
304,True,2,F,,0,0,226593,12.35,E101,Queenstown
305,False,3,M,,0,0,A/5 2466,8.05,,Southampton
306,True,1,M,0.92,1,2,113781,151.55,C22 C26,Southampton
307,True,1,F,,0,0,17421,110.8833,,Cherbourg
308,True,1,F,17.0,1,0,PC 17758,108.9,C65,Cherbourg
309,False,2,M,30.0,1,0,P/PP 3381,24.0,,Cherbourg
310,True,1,F,30.0,0,0,PC 17485,56.9292,E36,Cherbourg
311,True,1,F,24.0,0,0,11767,83.1583,C54,Cherbourg
312,True,1,F,18.0,2,2,PC 17608,262.375,B57 B59 B63 B66,Cherbourg
313,False,2,F,26.0,1,1,250651,26.0,,Southampton
314,False,3,M,28.0,0,0,349243,7.8958,,Southampton
315,False,2,M,43.0,1,1,F.C.C. 13529,26.25,,Southampton
316,True,3,F,26.0,0,0,347470,7.8542,,Southampton
317,True,2,F,24.0,1,0,244367,26.0,,Southampton
318,False,2,M,54.0,0,0,29011,14.0,,Southampton
319,True,1,F,31.0,0,2,36928,164.8667,C7,Southampton
320,True,1,F,40.0,1,1,16966,134.5,E34,Cherbourg
321,False,3,M,22.0,0,0,A/5 21172,7.25,,Southampton
322,False,3,M,27.0,0,0,349219,7.8958,,Southampton
323,True,2,F,30.0,0,0,234818,12.35,,Queenstown
324,True,2,F,22.0,1,1,248738,29.0,,Southampton
325,False,3,M,,8,2,CA. 2343,69.55,,Southampton
326,True,1,F,36.0,0,0,PC 17760,135.6333,C32,Cherbourg
327,False,3,M,61.0,0,0,345364,6.2375,,Southampton
328,True,2,F,36.0,0,0,28551,13.0,D,Southampton
329,True,3,F,31.0,1,1,363291,20.525,,Southampton
330,True,1,F,16.0,0,1,111361,57.9792,B18,Cherbourg
331,True,3,F,,2,0,367226,23.25,,Queenstown
332,False,1,M,45.5,0,0,113043,28.5,C124,Southampton
333,False,1,M,38.0,0,1,PC 17582,153.4625,C91,Southampton
334,False,3,M,16.0,2,0,345764,18.0,,Southampton
335,True,1,F,,1,0,PC 17611,133.65,,Southampton
336,False,3,M,,0,0,349225,7.8958,,Southampton
337,False,1,M,29.0,1,0,113776,66.6,C2,Southampton
338,True,1,F,41.0,0,0,16966,134.5,E40,Cherbourg
339,True,3,M,45.0,0,0,7598,8.05,,Southampton
340,False,1,M,45.0,0,0,113784,35.5,T,Southampton
341,True,2,M,2.0,1,1,230080,26.0,F2,Southampton
342,True,1,F,24.0,3,2,19950,263.0,C23 C25 C27,Southampton
343,False,2,M,28.0,0,0,248740,13.0,,Southampton
344,False,2,M,25.0,0,0,244361,13.0,,Southampton
345,False,2,M,36.0,0,0,229236,13.0,,Southampton
346,True,2,F,24.0,0,0,248733,13.0,F33,Southampton
347,True,2,F,40.0,0,0,31418,13.0,,Southampton
348,True,3,F,,1,0,386525,16.1,,Southampton
349,True,3,M,3.0,1,1,C.A. 37671,15.9,,Southampton
350,False,3,M,42.0,0,0,315088,8.6625,,Southampton
351,False,3,M,23.0,0,0,7267,9.225,,Southampton
352,False,1,M,,0,0,113510,35.0,C128,Southampton
353,False,3,M,15.0,1,1,2695,7.2292,,Cherbourg
354,False,3,M,25.0,1,0,349237,17.8,,Southampton
355,False,3,M,,0,0,2647,7.225,,Cherbourg
356,False,3,M,28.0,0,0,345783,9.5,,Southampton
357,True,1,F,22.0,0,1,113505,55.0,E33,Southampton
358,False,2,F,38.0,0,0,237671,13.0,,Southampton
359,True,3,F,,0,0,330931,7.8792,,Queenstown
360,True,3,F,,0,0,330980,7.8792,,Queenstown
361,False,3,M,40.0,1,4,347088,27.9,,Southampton
362,False,2,M,29.0,1,0,SC/PARIS 2167,27.7208,,Cherbourg
363,False,3,F,45.0,0,1,2691,14.4542,,Cherbourg
364,False,3,M,35.0,0,0,SOTON/O.Q. 3101310,7.05,,Southampton
365,False,3,M,,1,0,370365,15.5,,Queenstown
366,False,3,M,30.0,0,0,C 7076,7.25,,Southampton
367,True,1,F,60.0,1,0,110813,75.25,D37,Cherbourg
368,True,3,F,,0,0,2626,7.2292,,Cherbourg
369,True,3,F,,0,0,14313,7.75,,Queenstown
370,True,1,F,24.0,0,0,PC 17477,69.3,B35,Cherbourg
371,True,1,M,25.0,1,0,11765,55.4417,E50,Cherbourg
372,False,3,M,18.0,1,0,3101267,6.4958,,Southampton
373,False,3,M,19.0,0,0,323951,8.05,,Southampton
374,False,1,M,22.0,0,0,PC 17760,135.6333,,Cherbourg
375,False,3,F,3.0,3,1,349909,21.075,,Southampton
376,True,1,F,,1,0,PC 17604,82.1708,,Cherbourg
377,True,3,F,22.0,0,0,C 7077,7.25,,Southampton
378,False,1,M,27.0,0,2,113503,211.5,C82,Cherbourg
379,False,3,M,20.0,0,0,2648,4.0125,,Cherbourg
380,False,3,M,19.0,0,0,347069,7.775,,Southampton
381,True,1,F,42.0,0,0,PC 17757,227.525,,Cherbourg
382,True,3,F,1.0,0,2,2653,15.7417,,Cherbourg
383,False,3,M,32.0,0,0,STON/O 2. 3101293,7.925,,Southampton
384,True,1,F,35.0,1,0,113789,52.0,,Southampton
385,False,3,M,,0,0,349227,7.8958,,Southampton
386,False,2,M,18.0,0,0,S.O.C. 14879,73.5,,Southampton
387,False,3,M,1.0,5,2,CA 2144,46.9,,Southampton
388,True,2,F,36.0,0,0,27849,13.0,,Southampton
389,False,3,M,,0,0,367655,7.7292,,Queenstown
390,True,2,F,17.0,0,0,SC 1748,12.0,,Cherbourg
391,True,1,M,36.0,1,2,113760,120.0,B96 B98,Southampton
392,True,3,M,21.0,0,0,350034,7.7958,,Southampton
393,False,3,M,28.0,2,0,3101277,7.925,,Southampton
394,True,1,F,23.0,1,0,35273,113.275,D36,Cherbourg
395,True,3,F,24.0,0,2,PP 9549,16.7,G6,Southampton
396,False,3,M,22.0,0,0,350052,7.7958,,Southampton
397,False,3,F,31.0,0,0,350407,7.8542,,Southampton
398,False,2,M,46.0,0,0,28403,26.0,,Southampton
399,False,2,M,23.0,0,0,244278,10.5,,Southampton
400,True,2,F,28.0,0,0,240929,12.65,,Southampton
401,True,3,M,39.0,0,0,STON/O 2. 3101289,7.925,,Southampton
402,False,3,M,26.0,0,0,341826,8.05,,Southampton
403,False,3,F,21.0,1,0,4137,9.825,,Southampton
404,False,3,M,28.0,1,0,STON/O2. 3101279,15.85,,Southampton
405,False,3,F,20.0,0,0,315096,8.6625,,Southampton
406,False,2,M,34.0,1,0,28664,21.0,,Southampton
407,False,3,M,51.0,0,0,347064,7.75,,Southampton
408,True,2,M,3.0,1,1,29106,18.75,,Southampton
409,False,3,M,21.0,0,0,312992,7.775,,Southampton
410,False,3,F,,3,1,4133,25.4667,,Southampton
411,False,3,M,,0,0,349222,7.8958,,Southampton
412,False,3,M,,0,0,394140,6.8583,,Queenstown
413,True,1,F,33.0,1,0,19928,90.0,C78,Queenstown
414,False,2,M,,0,0,239853,0.0,,Southampton
415,True,3,M,44.0,0,0,STON/O 2. 3101269,7.925,,Southampton
416,False,3,F,,0,0,343095,8.05,,Southampton
417,True,2,F,34.0,1,1,28220,32.5,,Southampton
418,True,2,F,18.0,0,2,250652,13.0,,Southampton
419,False,2,M,30.0,0,0,28228,13.0,,Southampton
420,False,3,F,10.0,0,2,345773,24.15,,Southampton
421,False,3,M,,0,0,349254,7.8958,,Cherbourg
422,False,3,M,21.0,0,0,A/5. 13032,7.7333,,Queenstown
423,False,3,M,29.0,0,0,315082,7.875,,Southampton
424,False,3,F,28.0,1,1,347080,14.4,,Southampton
425,False,3,M,18.0,1,1,370129,20.2125,,Southampton
426,False,3,M,,0,0,A/4. 34244,7.25,,Southampton
427,True,2,F,28.0,1,0,2003,26.0,,Southampton
428,True,2,F,19.0,0,0,250655,26.0,,Southampton
429,False,3,M,,0,0,364851,7.75,,Queenstown
430,True,3,M,32.0,0,0,SOTON/O.Q. 392078,8.05,E10,Southampton
431,True,1,M,28.0,0,0,110564,26.55,C52,Southampton
432,True,3,F,,1,0,376564,16.1,,Southampton
433,True,2,F,42.0,1,0,SC/AH 3085,26.0,,Southampton
434,False,3,M,17.0,0,0,STON/O 2. 3101274,7.125,,Southampton
435,False,1,M,50.0,1,0,13507,55.9,E44,Southampton
436,True,1,F,14.0,1,2,113760,120.0,B96 B98,Southampton
437,False,3,F,21.0,2,2,W./C. 6608,34.375,,Southampton
438,True,2,F,24.0,2,3,29106,18.75,,Southampton
439,False,1,M,64.0,1,4,19950,263.0,C23 C25 C27,Southampton
440,False,2,M,31.0,0,0,C.A. 18723,10.5,,Southampton
441,True,2,F,45.0,1,1,F.C.C. 13529,26.25,,Southampton
442,False,3,M,20.0,0,0,345769,9.5,,Southampton
443,False,3,M,25.0,1,0,347076,7.775,,Southampton
444,True,2,F,28.0,0,0,230434,13.0,,Southampton
445,True,3,M,,0,0,65306,8.1125,,Southampton
446,True,1,M,4.0,0,2,33638,81.8583,A34,Southampton
447,True,2,F,13.0,0,1,250644,19.5,,Southampton
448,True,1,M,34.0,0,0,113794,26.55,,Southampton
449,True,3,F,5.0,2,1,2666,19.2583,,Cherbourg
450,True,1,M,52.0,0,0,113786,30.5,C104,Southampton
451,False,2,M,36.0,1,2,C.A. 34651,27.75,,Southampton
452,False,3,M,,1,0,65303,19.9667,,Southampton
453,False,1,M,30.0,0,0,113051,27.75,C111,Cherbourg
454,True,1,M,49.0,1,0,17453,89.1042,C92,Cherbourg
455,False,3,M,,0,0,A/5 2817,8.05,,Southampton
456,True,3,M,29.0,0,0,349240,7.8958,,Cherbourg
457,False,1,M,65.0,0,0,13509,26.55,E38,Southampton
458,True,1,F,,1,0,17464,51.8625,D21,Southampton
459,True,2,F,50.0,0,0,F.C.C. 13531,10.5,,Southampton
460,False,3,M,,0,0,371060,7.75,,Queenstown
461,True,1,M,48.0,0,0,19952,26.55,E12,Southampton
462,False,3,M,34.0,0,0,364506,8.05,,Southampton
463,False,1,M,47.0,0,0,111320,38.5,E63,Southampton
464,False,2,M,48.0,0,0,234360,13.0,,Southampton
465,False,3,M,,0,0,A/S 2816,8.05,,Southampton
466,False,3,M,38.0,0,0,SOTON/O.Q. 3101306,7.05,,Southampton
467,False,2,M,,0,0,239853,0.0,,Southampton
468,False,1,M,56.0,0,0,113792,26.55,,Southampton
469,False,3,M,,0,0,36209,7.725,,Queenstown
470,True,3,F,0.75,2,1,2666,19.2583,,Cherbourg
471,False,3,M,,0,0,323592,7.25,,Southampton
472,False,3,M,38.0,0,0,315089,8.6625,,Southampton
473,True,2,F,33.0,1,2,C.A. 34651,27.75,,Southampton
474,True,2,F,23.0,0,0,SC/AH Basle 541,13.7917,D,Cherbourg
475,False,3,F,22.0,0,0,7553,9.8375,,Southampton
476,False,1,M,,0,0,110465,52.0,A14,Southampton
477,False,2,M,34.0,1,0,31027,21.0,,Southampton
478,False,3,M,29.0,1,0,3460,7.0458,,Southampton
479,False,3,M,22.0,0,0,350060,7.5208,,Southampton
480,True,3,F,2.0,0,1,3101298,12.2875,,Southampton
481,False,3,M,9.0,5,2,CA 2144,46.9,,Southampton
482,False,2,M,,0,0,239854,0.0,,Southampton
483,False,3,M,50.0,0,0,A/5 3594,8.05,,Southampton
484,True,3,F,63.0,0,0,4134,9.5875,,Southampton
485,True,1,M,25.0,1,0,11967,91.0792,B49,Cherbourg
486,False,3,F,,3,1,4133,25.4667,,Southampton
487,True,1,F,35.0,1,0,19943,90.0,C93,Southampton
488,False,1,M,58.0,0,0,11771,29.7,B37,Cherbourg
489,False,3,M,30.0,0,0,A.5. 18509,8.05,,Southampton
490,True,3,M,9.0,1,1,C.A. 37671,15.9,,Southampton
491,False,3,M,,1,0,65304,19.9667,,Southampton
492,False,3,M,21.0,0,0,SOTON/OQ 3101317,7.25,,Southampton
493,False,1,M,55.0,0,0,113787,30.5,C30,Southampton
494,False,1,M,71.0,0,0,PC 17609,49.5042,,Cherbourg
495,False,3,M,21.0,0,0,A/4 45380,8.05,,Southampton
496,False,3,M,,0,0,2627,14.4583,,Cherbourg
497,True,1,F,54.0,1,0,36947,78.2667,D20,Cherbourg
498,False,3,M,,0,0,C.A. 6212,15.1,,Southampton
499,False,1,F,25.0,1,2,113781,151.55,C22 C26,Southampton
500,False,3,M,24.0,0,0,350035,7.7958,,Southampton
501,False,3,M,17.0,0,0,315086,8.6625,,Southampton
502,False,3,F,21.0,0,0,364846,7.75,,Queenstown
503,False,3,F,,0,0,330909,7.6292,,Queenstown
504,False,3,F,37.0,0,0,4135,9.5875,,Southampton
505,True,1,F,16.0,0,0,110152,86.5,B79,Southampton
506,False,1,M,18.0,1,0,PC 17758,108.9,C65,Cherbourg
507,True,2,F,33.0,0,2,26360,26.0,,Southampton
508,True,1,M,,0,0,111427,26.55,,Southampton
509,False,3,M,28.0,0,0,C 4001,22.525,,Southampton
510,True,3,M,26.0,0,0,1601,56.4958,,Southampton
511,True,3,M,29.0,0,0,382651,7.75,,Queenstown
512,False,3,M,,0,0,SOTON/OQ 3101316,8.05,,Southampton
513,True,1,M,36.0,0,0,PC 17473,26.2875,E25,Southampton
514,True,1,F,54.0,1,0,PC 17603,59.4,,Cherbourg
515,False,3,M,24.0,0,0,349209,7.4958,,Southampton
516,False,1,M,47.0,0,0,36967,34.0208,D46,Southampton
517,True,2,F,34.0,0,0,C.A. 34260,10.5,F33,Southampton
518,False,3,M,,0,0,371110,24.15,,Queenstown
519,True,2,F,36.0,1,0,226875,26.0,,Southampton
520,False,3,M,32.0,0,0,349242,7.8958,,Southampton
521,True,1,F,30.0,0,0,12749,93.5,B73,Southampton
522,False,3,M,22.0,0,0,349252,7.8958,,Southampton
523,False,3,M,,0,0,2624,7.225,,Cherbourg
524,True,1,F,44.0,0,1,111361,57.9792,B18,Cherbourg
525,False,3,M,,0,0,2700,7.2292,,Cherbourg
526,False,3,M,40.5,0,0,367232,7.75,,Queenstown
527,True,2,F,50.0,0,0,W./C. 14258,10.5,,Southampton
528,False,1,M,,0,0,PC 17483,221.7792,C95,Southampton
529,False,3,M,39.0,0,0,3101296,7.925,,Southampton
530,False,2,M,23.0,2,1,29104,11.5,,Southampton
531,True,2,F,2.0,1,1,26360,26.0,,Southampton
532,False,3,M,,0,0,2641,7.2292,,Cherbourg
533,False,3,M,17.0,1,1,2690,7.2292,,Cherbourg
534,True,3,F,,0,2,2668,22.3583,,Cherbourg
535,False,3,F,30.0,0,0,315084,8.6625,,Southampton
536,True,2,F,7.0,0,2,F.C.C. 13529,26.25,,Southampton
537,False,1,M,45.0,0,0,113050,26.55,B38,Southampton
538,True,1,F,30.0,0,0,PC 17761,106.425,,Cherbourg
539,False,3,M,,0,0,364498,14.5,,Southampton
540,True,1,F,22.0,0,2,13568,49.5,B39,Cherbourg
541,True,1,F,36.0,0,2,WE/P 5735,71.0,B22,Southampton
542,False,3,F,9.0,4,2,347082,31.275,,Southampton
543,False,3,F,11.0,4,2,347082,31.275,,Southampton
544,True,2,M,32.0,1,0,2908,26.0,,Southampton
545,False,1,M,50.0,1,0,PC 17761,106.425,C86,Cherbourg
546,False,1,M,64.0,0,0,693,26.0,,Southampton
547,True,2,F,19.0,1,0,2908,26.0,,Southampton
548,True,2,M,,0,0,SC/PARIS 2146,13.8625,,Cherbourg
549,False,3,M,33.0,1,1,363291,20.525,,Southampton
550,True,2,M,8.0,1,1,C.A. 33112,36.75,,Southampton
551,True,1,M,17.0,0,2,17421,110.8833,C70,Cherbourg
552,False,2,M,27.0,0,0,244358,26.0,,Southampton
553,False,3,M,,0,0,330979,7.8292,,Queenstown
554,True,3,M,22.0,0,0,2620,7.225,,Cherbourg
555,True,3,F,22.0,0,0,347085,7.775,,Southampton
556,False,1,M,62.0,0,0,113807,26.55,,Southampton
557,True,1,F,48.0,1,0,11755,39.6,A16,Cherbourg
558,False,1,M,,0,0,PC 17757,227.525,,Cherbourg
559,True,1,F,39.0,1,1,110413,79.65,E67,Southampton
560,True,3,F,36.0,1,0,345572,17.4,,Southampton
561,False,3,M,,0,0,372622,7.75,,Queenstown
562,False,3,M,40.0,0,0,349251,7.8958,,Southampton
563,False,2,M,28.0,0,0,218629,13.5,,Southampton
564,False,3,M,,0,0,SOTON/OQ 392082,8.05,,Southampton
565,False,3,F,,0,0,SOTON/O.Q. 392087,8.05,,Southampton
566,False,3,M,24.0,2,0,A/4 48871,24.15,,Southampton
567,False,3,M,19.0,0,0,349205,7.8958,,Southampton
568,False,3,F,29.0,0,4,349909,21.075,,Southampton
569,False,3,M,,0,0,2686,7.2292,,Cherbourg
570,True,3,M,32.0,0,0,350417,7.8542,,Southampton
571,True,2,M,62.0,0,0,S.W./PP 752,10.5,,Southampton
572,True,1,F,53.0,2,0,11769,51.4792,C101,Southampton
573,True,1,M,36.0,0,0,PC 17474,26.3875,E25,Southampton
574,True,3,F,,0,0,14312,7.75,,Queenstown
575,False,3,M,16.0,0,0,A/4. 20589,8.05,,Southampton
576,False,3,M,19.0,0,0,358585,14.5,,Southampton
577,True,2,F,34.0,0,0,243880,13.0,,Southampton
578,True,1,F,39.0,1,0,13507,55.9,E44,Southampton
579,False,3,F,,1,0,2689,14.4583,,Cherbourg
580,True,3,M,32.0,0,0,STON/O 2. 3101286,7.925,,Southampton
581,True,2,F,25.0,1,1,237789,30.0,,Southampton
582,True,1,F,39.0,1,1,17421,110.8833,C68,Cherbourg
583,False,2,M,54.0,0,0,28403,26.0,,Southampton
584,False,1,M,36.0,0,0,13049,40.125,A10,Cherbourg
585,False,3,M,,0,0,3411,8.7125,,Cherbourg
586,True,1,F,18.0,0,2,110413,79.65,E68,Southampton
587,False,2,M,47.0,0,0,237565,15.0,,Southampton
588,True,1,M,60.0,1,1,13567,79.2,B41,Cherbourg
589,False,3,M,22.0,0,0,14973,8.05,,Southampton
590,False,3,M,,0,0,A./5. 3235,8.05,,Southampton
591,False,3,M,35.0,0,0,STON/O 2. 3101273,7.125,,Southampton
592,True,1,F,52.0,1,0,36947,78.2667,D20,Cherbourg
593,False,3,M,47.0,0,0,A/5 3902,7.25,,Southampton
594,False,3,F,,0,2,364848,7.75,,Queenstown
595,False,2,M,37.0,1,0,SC/AH 29037,26.0,,Southampton
596,False,3,M,36.0,1,1,345773,24.15,,Southampton
597,True,2,F,,0,0,248727,33.0,,Southampton
598,False,3,M,49.0,0,0,LINE,0.0,,Southampton
599,False,3,M,,0,0,2664,7.225,,Cherbourg
600,True,1,M,49.0,1,0,PC 17485,56.9292,A20,Cherbourg
601,True,2,F,24.0,2,1,243847,27.0,,Southampton
602,False,3,M,,0,0,349214,7.8958,,Southampton
603,False,1,M,,0,0,113796,42.4,,Southampton
604,False,3,M,44.0,0,0,364511,8.05,,Southampton
605,True,1,M,35.0,0,0,111426,26.55,,Cherbourg
606,False,3,M,36.0,1,0,349910,15.55,,Southampton
607,False,3,M,30.0,0,0,349246,7.8958,,Southampton
608,True,1,M,27.0,0,0,113804,30.5,,Southampton
609,True,2,F,22.0,1,2,SC/Paris 2123,41.5792,,Cherbourg
610,True,1,F,40.0,0,0,PC 17582,153.4625,C125,Southampton
611,False,3,F,39.0,1,5,347082,31.275,,Southampton
612,False,3,M,,0,0,SOTON/O.Q. 3101305,7.05,,Southampton
613,True,3,F,,1,0,367230,15.5,,Queenstown
614,False,3,M,,0,0,370377,7.75,,Queenstown
615,False,3,M,35.0,0,0,364512,8.05,,Southampton
616,True,2,F,24.0,1,2,220845,65.0,,Southampton
617,False,3,M,34.0,1,1,347080,14.4,,Southampton
618,False,3,F,26.0,1,0,A/5. 3336,16.1,,Southampton
619,True,2,F,4.0,2,1,230136,39.0,F4,Southampton
620,False,2,M,26.0,0,0,31028,10.5,,Southampton
621,False,3,M,27.0,1,0,2659,14.4542,,Cherbourg
622,True,1,M,42.0,1,0,11753,52.5542,D19,Southampton
623,True,3,M,20.0,1,1,2653,15.7417,,Cherbourg
624,False,3,M,21.0,0,0,350029,7.8542,,Southampton
625,False,3,M,21.0,0,0,54636,16.1,,Southampton
626,False,1,M,61.0,0,0,36963,32.3208,D50,Southampton
627,False,2,M,57.0,0,0,219533,12.35,,Queenstown
628,True,1,F,21.0,0,0,13502,77.9583,D9,Southampton
629,False,3,M,26.0,0,0,349224,7.8958,,Southampton
630,False,3,M,,0,0,334912,7.7333,,Queenstown
631,True,1,M,80.0,0,0,27042,30.0,A23,Southampton
632,False,3,M,51.0,0,0,347743,7.0542,,Southampton
633,True,1,M,32.0,0,0,13214,30.5,B50,Cherbourg
634,False,1,M,,0,0,112052,0.0,,Southampton
635,False,3,F,9.0,3,2,347088,27.9,,Southampton
636,True,2,F,28.0,0,0,237668,13.0,,Southampton
637,False,3,M,32.0,0,0,STON/O 2. 3101292,7.925,,Southampton
638,False,2,M,31.0,1,1,C.A. 31921,26.25,,Southampton
639,False,3,F,41.0,0,5,3101295,39.6875,,Southampton
640,False,3,M,,1,0,376564,16.1,,Southampton
641,False,3,M,20.0,0,0,350050,7.8542,,Southampton
642,True,1,F,24.0,0,0,PC 17477,69.3,B35,Cherbourg
643,False,3,F,2.0,3,2,347088,27.9,,Southampton
644,True,3,M,,0,0,1601,56.4958,,Southampton
645,True,3,F,0.75,2,1,2666,19.2583,,Cherbourg
646,True,1,M,48.0,1,0,PC 17572,76.7292,D33,Cherbourg
647,False,3,M,19.0,0,0,349231,7.8958,,Southampton
648,True,1,M,56.0,0,0,13213,35.5,A26,Cherbourg
649,False,3,M,,0,0,S.O./P.P. 751,7.55,,Southampton
650,True,3,F,23.0,0,0,CA. 2314,7.55,,Southampton
651,False,3,M,,0,0,349221,7.8958,,Southampton
652,True,2,F,18.0,0,1,231919,23.0,,Southampton
653,False,3,M,21.0,0,0,8475,8.4333,,Southampton
654,True,3,F,,0,0,330919,7.8292,,Queenstown
655,False,3,F,18.0,0,0,365226,6.75,,Queenstown
656,False,2,M,24.0,2,0,S.O.C. 14879,73.5,,Southampton
657,False,3,M,,0,0,349223,7.8958,,Southampton
658,False,3,F,32.0,1,1,364849,15.5,,Queenstown
659,False,2,M,23.0,0,0,29751,13.0,,Southampton
660,False,1,M,58.0,0,2,35273,113.275,D48,Cherbourg
661,True,1,M,50.0,2,0,PC 17611,133.65,,Southampton
662,False,3,M,40.0,0,0,2623,7.225,,Cherbourg
663,False,1,M,47.0,0,0,5727,25.5875,E58,Southampton
664,False,3,M,36.0,0,0,349210,7.4958,,Southampton
665,True,3,M,20.0,1,0,STON/O 2. 3101285,7.925,,Southampton
666,False,2,M,32.0,2,0,S.O.C. 14879,73.5,,Southampton
667,False,2,M,25.0,0,0,234686,13.0,,Southampton
668,False,3,M,,0,0,312993,7.775,,Southampton
669,False,3,M,43.0,0,0,A/5 3536,8.05,,Southampton
670,True,1,F,,1,0,19996,52.0,C126,Southampton
671,True,2,F,40.0,1,1,29750,39.0,,Southampton
672,False,1,M,31.0,1,0,F.C. 12750,52.0,B71,Southampton
673,False,2,M,70.0,0,0,C.A. 24580,10.5,,Southampton
674,True,2,M,31.0,0,0,244270,13.0,,Southampton
675,False,2,M,,0,0,239856,0.0,,Southampton
676,False,3,M,18.0,0,0,349912,7.775,,Southampton
677,False,3,M,24.5,0,0,342826,8.05,,Southampton
678,True,3,F,18.0,0,0,4138,9.8417,,Southampton
679,False,3,F,43.0,1,6,CA 2144,46.9,,Southampton
680,True,1,M,36.0,0,1,PC 17755,512.3292,B51 B53 B55,Cherbourg
681,False,3,F,,0,0,330935,8.1375,,Queenstown
682,True,1,M,27.0,0,0,PC 17572,76.7292,D49,Cherbourg
683,False,3,M,20.0,0,0,6563,9.225,,Southampton
684,False,3,M,14.0,5,2,CA 2144,46.9,,Southampton
685,False,2,M,60.0,1,1,29750,39.0,,Southampton
686,False,2,M,25.0,1,2,SC/Paris 2123,41.5792,,Cherbourg
687,False,3,M,14.0,4,1,3101295,39.6875,,Southampton
688,False,3,M,19.0,0,0,349228,10.1708,,Southampton
689,False,3,M,18.0,0,0,350036,7.7958,,Southampton
690,True,1,F,15.0,0,1,24160,211.3375,B5,Southampton
691,True,1,M,31.0,1,0,17474,57.0,B20,Southampton
692,True,3,F,4.0,0,1,349256,13.4167,,Cherbourg
693,True,3,M,,0,0,1601,56.4958,,Southampton
694,False,3,M,25.0,0,0,2672,7.225,,Cherbourg
695,False,1,M,60.0,0,0,113800,26.55,,Southampton
696,False,2,M,52.0,0,0,248731,13.5,,Southampton
697,False,3,M,44.0,0,0,363592,8.05,,Southampton
698,True,3,F,,0,0,35852,7.7333,,Queenstown
699,False,1,M,49.0,1,1,17421,110.8833,C68,Cherbourg
700,False,3,M,42.0,0,0,348121,7.65,F G63,Southampton
701,True,1,F,18.0,1,0,PC 17757,227.525,C62 C64,Cherbourg
702,True,1,M,35.0,0,0,PC 17475,26.2875,E24,Southampton
703,False,3,F,18.0,0,1,2691,14.4542,,Cherbourg
704,False,3,M,25.0,0,0,36864,7.7417,,Queenstown
705,False,3,M,26.0,1,0,350025,7.8542,,Southampton
706,False,2,M,39.0,0,0,250655,26.0,,Southampton
707,True,2,F,45.0,0,0,223596,13.5,,Southampton
708,True,1,M,42.0,0,0,PC 17476,26.2875,E24,Southampton
709,True,1,F,22.0,0,0,113781,151.55,,Southampton
710,True,3,M,,1,1,2661,15.2458,,Cherbourg
711,True,1,F,24.0,0,0,PC 17482,49.5042,C90,Cherbourg
712,False,1,M,,0,0,113028,26.55,C124,Southampton
713,True,1,M,48.0,1,0,19996,52.0,C126,Southampton
714,False,3,M,29.0,0,0,7545,9.4833,,Southampton
715,False,2,M,52.0,0,0,250647,13.0,,Southampton
716,False,3,M,19.0,0,0,348124,7.65,F G73,Southampton
717,True,1,F,38.0,0,0,PC 17757,227.525,C45,Cherbourg
718,True,2,F,27.0,0,0,34218,10.5,E101,Southampton
719,False,3,M,,0,0,36568,15.5,,Queenstown
720,False,3,M,33.0,0,0,347062,7.775,,Southampton
721,True,2,F,6.0,0,1,248727,33.0,,Southampton
722,False,3,M,17.0,1,0,350048,7.0542,,Southampton
723,False,2,M,34.0,0,0,12233,13.0,,Southampton
724,False,2,M,50.0,0,0,250643,13.0,,Southampton
725,True,1,M,27.0,1,0,113806,53.1,E8,Southampton
726,False,3,M,20.0,0,0,315094,8.6625,,Southampton
727,True,2,F,30.0,3,0,31027,21.0,,Southampton
728,True,3,F,,0,0,36866,7.7375,,Queenstown
729,False,2,M,25.0,1,0,236853,26.0,,Southampton
730,False,3,F,25.0,1,0,STON/O2. 3101271,7.925,,Southampton
731,True,1,F,29.0,0,0,24160,211.3375,B5,Southampton
732,False,3,M,11.0,0,0,2699,18.7875,,Cherbourg
733,False,2,M,,0,0,239855,0.0,,Southampton
734,False,2,M,23.0,0,0,28425,13.0,,Southampton
735,False,2,M,23.0,0,0,233639,13.0,,Southampton
736,False,3,M,28.5,0,0,54636,16.1,,Southampton
737,False,3,F,48.0,1,3,W./C. 6608,34.375,,Southampton
738,True,1,M,35.0,0,0,PC 17755,512.3292,B101,Cherbourg
739,False,3,M,,0,0,349201,7.8958,,Southampton
740,False,3,M,,0,0,349218,7.8958,,Southampton
741,True,1,M,,0,0,16988,30.0,D45,Southampton
742,False,1,M,36.0,1,0,19877,78.85,C46,Southampton
743,True,1,F,21.0,2,2,PC 17608,262.375,B57 B59 B63 B66,Cherbourg
744,False,3,M,24.0,1,0,376566,16.1,,Southampton
745,True,3,M,31.0,0,0,STON/O 2. 3101288,7.925,,Southampton
746,False,1,M,70.0,1,1,WE/P 5735,71.0,B22,Southampton
747,False,3,M,16.0,1,1,C.A. 2673,20.25,,Southampton
748,True,2,F,30.0,0,0,250648,13.0,,Southampton
749,False,1,M,19.0,1,0,113773,53.1,D30,Southampton
750,False,3,M,31.0,0,0,335097,7.75,,Queenstown
751,True,2,F,4.0,1,1,29103,23.0,,Southampton
752,True,3,M,6.0,0,1,392096,12.475,E121,Southampton
753,False,3,M,33.0,0,0,345780,9.5,,Southampton
754,False,3,M,23.0,0,0,349204,7.8958,,Southampton
755,True,2,F,48.0,1,2,220845,65.0,,Southampton
756,True,2,M,0.67,1,1,250649,14.5,,Southampton
757,False,3,M,28.0,0,0,350042,7.7958,,Southampton
758,False,2,M,18.0,0,0,29108,11.5,,Southampton
759,False,3,M,34.0,0,0,363294,8.05,,Southampton
760,True,1,F,33.0,0,0,110152,86.5,B77,Southampton
761,False,3,M,,0,0,358585,14.5,,Southampton
762,False,3,M,41.0,0,0,SOTON/O2 3101272,7.125,,Southampton
763,True,3,M,20.0,0,0,2663,7.2292,,Cherbourg
764,True,1,F,36.0,1,2,113760,120.0,B96 B98,Southampton
765,False,3,M,16.0,0,0,347074,7.775,,Southampton
766,True,1,F,51.0,1,0,13502,77.9583,D11,Southampton
767,False,1,M,,0,0,112379,39.6,,Cherbourg
768,False,3,F,30.5,0,0,364850,7.75,,Queenstown
769,False,3,M,,1,0,371110,24.15,,Queenstown
770,False,3,M,32.0,0,0,8471,8.3625,,Southampton
771,False,3,M,24.0,0,0,345781,9.5,,Southampton
772,False,3,M,48.0,0,0,350047,7.8542,,Southampton
773,False,2,F,57.0,0,0,S.O./P.P. 3,10.5,E77,Southampton
774,False,3,M,,0,0,2674,7.225,,Cherbourg
775,True,2,F,54.0,1,3,29105,23.0,,Southampton
776,False,3,M,18.0,0,0,347078,7.75,,Southampton
777,False,3,M,,0,0,383121,7.75,F38,Queenstown
778,True,3,F,5.0,0,0,364516,12.475,,Southampton
779,False,3,M,,0,0,36865,7.7375,,Queenstown
780,True,1,F,43.0,0,1,24160,211.3375,B3,Southampton
781,True,3,F,13.0,0,0,2687,7.2292,,Cherbourg
782,True,1,F,17.0,1,0,17474,57.0,B20,Southampton
783,False,1,M,29.0,0,0,113501,30.0,D6,Southampton
784,False,3,M,,1,2,W./C. 6607,23.45,,Southampton
785,False,3,M,25.0,0,0,SOTON/O.Q. 3101312,7.05,,Southampton
786,False,3,M,25.0,0,0,374887,7.25,,Southampton
787,True,3,F,18.0,0,0,3101265,7.4958,,Southampton
788,False,3,M,8.0,4,1,382652,29.125,,Queenstown
789,True,3,M,1.0,1,2,C.A. 2315,20.575,,Southampton
790,False,1,M,46.0,0,0,PC 17593,79.2,B82 B84,Cherbourg
791,False,3,M,,0,0,12460,7.75,,Queenstown
792,False,2,M,16.0,0,0,239865,26.0,,Southampton
793,False,3,F,,8,2,CA. 2343,69.55,,Southampton
794,False,1,M,,0,0,PC 17600,30.6958,,Cherbourg
795,False,3,M,25.0,0,0,349203,7.8958,,Southampton
796,False,2,M,39.0,0,0,28213,13.0,,Southampton
797,True,1,F,49.0,0,0,17465,25.9292,D17,Southampton
798,True,3,F,31.0,0,0,349244,8.6833,,Southampton
799,False,3,M,30.0,0,0,2685,7.2292,,Cherbourg
800,False,3,F,30.0,1,1,345773,24.15,,Southampton
801,False,2,M,34.0,0,0,250647,13.0,,Southampton
802,True,2,F,31.0,1,1,C.A. 31921,26.25,,Southampton
803,True,1,M,11.0,1,2,113760,120.0,B96 B98,Southampton
804,True,3,M,0.42,0,1,2625,8.5167,,Cherbourg
805,True,3,M,27.0,0,0,347089,6.975,,Southampton
806,False,3,M,31.0,0,0,347063,7.775,,Southampton
807,False,1,M,39.0,0,0,112050,0.0,A36,Southampton
808,False,3,F,18.0,0,0,347087,7.775,,Southampton
809,False,2,M,39.0,0,0,248723,13.0,,Southampton
810,True,1,F,33.0,1,0,113806,53.1,E8,Southampton
811,False,3,M,26.0,0,0,3474,7.8875,,Southampton
812,False,3,M,39.0,0,0,A/4 48871,24.15,,Southampton
813,False,2,M,35.0,0,0,28206,10.5,,Southampton
814,False,3,F,6.0,4,2,347082,31.275,,Southampton
815,False,3,M,30.5,0,0,364499,8.05,,Southampton
816,False,1,M,,0,0,112058,0.0,B102,Southampton
817,False,3,F,23.0,0,0,STON/O2. 3101290,7.925,,Southampton
818,False,2,M,31.0,1,1,S.C./PARIS 2079,37.0042,,Cherbourg
819,False,3,M,43.0,0,0,C 7075,6.45,,Southampton
820,False,3,M,10.0,3,2,347088,27.9,,Southampton
821,True,1,F,52.0,1,1,12749,93.5,B69,Southampton
822,True,3,M,27.0,0,0,315098,8.6625,,Southampton
823,False,1,M,38.0,0,0,19972,0.0,,Southampton
824,True,3,F,27.0,0,1,392096,12.475,E121,Southampton
825,False,3,M,2.0,4,1,3101295,39.6875,,Southampton
826,False,3,M,,0,0,368323,6.95,,Queenstown
827,False,3,M,,0,0,1601,56.4958,,Southampton
828,True,2,M,1.0,0,2,S.C./PARIS 2079,37.0042,,Cherbourg
829,True,3,M,,0,0,367228,7.75,,Queenstown
830,True,1,F,62.0,0,0,113572,80.0,B28,
831,True,3,F,15.0,1,0,2659,14.4542,,Cherbourg
832,True,2,M,0.83,1,1,29106,18.75,,Southampton
833,False,3,M,,0,0,2671,7.2292,,Cherbourg
834,False,3,M,23.0,0,0,347468,7.8542,,Southampton
835,False,3,M,18.0,0,0,2223,8.3,,Southampton
836,True,1,F,39.0,1,1,PC 17756,83.1583,E49,Cherbourg
837,False,3,M,21.0,0,0,315097,8.6625,,Southampton
838,False,3,M,,0,0,392092,8.05,,Southampton
839,True,3,M,32.0,0,0,1601,56.4958,,Southampton
840,True,1,M,,0,0,11774,29.7,C47,Cherbourg
841,False,3,M,20.0,0,0,SOTON/O2 3101287,7.925,,Southampton
842,False,2,M,16.0,0,0,S.O./P.P. 3,10.5,,Southampton
843,True,1,F,30.0,0,0,113798,31.0,,Cherbourg
844,False,3,M,34.5,0,0,2683,6.4375,,Cherbourg
845,False,3,M,17.0,0,0,315090,8.6625,,Southampton
846,False,3,M,42.0,0,0,C.A. 5547,7.55,,Southampton
847,False,3,M,,8,2,CA. 2343,69.55,,Southampton
848,False,3,M,35.0,0,0,349213,7.8958,,Cherbourg
849,False,2,M,28.0,0,1,248727,33.0,,Southampton
850,True,1,F,,1,0,17453,89.1042,C92,Cherbourg
851,False,3,M,4.0,4,2,347082,31.275,,Southampton
852,False,3,M,74.0,0,0,347060,7.775,,Southampton
853,False,3,F,9.0,1,1,2678,15.2458,,Cherbourg
854,True,1,F,16.0,0,1,PC 17592,39.4,D28,Southampton
855,False,2,F,44.0,1,0,244252,26.0,,Southampton
856,True,3,F,18.0,0,1,392091,9.35,,Southampton
857,True,1,F,45.0,1,1,36928,164.8667,,Southampton
858,True,1,M,51.0,0,0,113055,26.55,E17,Southampton
859,True,3,F,24.0,0,3,2666,19.2583,,Cherbourg
860,False,3,M,,0,0,2629,7.2292,,Cherbourg
861,False,3,M,41.0,2,0,350026,14.1083,,Southampton
862,False,2,M,21.0,1,0,28134,11.5,,Southampton
863,True,1,F,48.0,0,0,17466,25.9292,D17,Southampton
864,False,3,F,,8,2,CA. 2343,69.55,,Southampton
865,False,2,M,24.0,0,0,233866,13.0,,Southampton
866,True,2,F,42.0,0,0,236852,13.0,,Southampton
867,True,2,F,27.0,1,0,SC/PARIS 2149,13.8583,,Cherbourg
868,False,1,M,31.0,0,0,PC 17590,50.4958,A24,Southampton
869,False,3,M,,0,0,345777,9.5,,Southampton
870,True,3,M,4.0,1,1,347742,11.1333,,Southampton
871,False,3,M,26.0,0,0,349248,7.8958,,Southampton
872,True,1,F,47.0,1,1,11751,52.5542,D35,Southampton
873,False,1,M,33.0,0,0,695,5.0,B51 B53 B55,Southampton
874,False,3,M,47.0,0,0,345765,9.0,,Southampton
875,True,2,F,28.0,1,0,P/PP 3381,24.0,,Cherbourg
876,True,3,F,15.0,0,0,2667,7.225,,Cherbourg
877,False,3,M,20.0,0,0,7534,9.8458,,Southampton
878,False,3,M,19.0,0,0,349212,7.8958,,Southampton
879,False,3,M,,0,0,349217,7.8958,,Southampton
880,True,1,F,56.0,0,1,11767,83.1583,C50,Cherbourg
881,True,2,F,25.0,0,1,230433,26.0,,Southampton
882,False,3,M,33.0,0,0,349257,7.8958,,Southampton
883,False,3,F,22.0,0,0,7552,10.5167,,Southampton
884,False,2,M,28.0,0,0,C.A./SOTON 34068,10.5,,Southampton
885,False,3,M,25.0,0,0,SOTON/OQ 392076,7.05,,Southampton
886,False,3,F,39.0,0,5,382652,29.125,,Queenstown
887,False,2,M,27.0,0,0,211536,13.0,,Southampton
888,True,1,F,19.0,0,0,112053,30.0,B42,Southampton
889,False,3,F,,1,2,W./C. 6607,23.45,,Southampton
890,True,1,M,26.0,0,0,111369,30.0,C148,Cherbourg
891,False,3,M,32.0,0,0,370376,7.75,,Queenstown
